<?xml version="1.0" encoding="UTF-8" ?>

<NLP_final_project>
<TEXT><![CDATA[Admission Date:  [**2195-6-6**]       Discharge Date:  [**2195-6-19**]

Date of Birth:   [**2120-5-13**]       Sex:  F

Service:  Cardiothoracic Surgery

CONTINUATION:

DISCHARGE MEDICATIONS: 1. Sertraline 150 mg per jejunostomy tube q.d. 2. Lantus insulin 30 units subcutaneous q.p.m. 3. Prevacid 30 mg elixir via jejunostomy tube q.d. 4. Epogen 10,000 units IV three times weekly with dialysis treatments. 5. Heparin 5,000 units subcutaneously q. 6 hours. 6. M.V.I. 5 mL via jejunostomy tube q.d. 7. Zinc sulfate 220 mg via jejunostomy tube q.d. 8. Vancomycin 250 mg solution via jejunostomy tube q. 6 hours for her C. difficile. 9. Amiodarone 200 mg via jejunostomy tube q.d. 10. Flagyl 500 mg IV q. 12 hours also for C. difficile. 11. Vitamin C 500 mg via jejunostomy tube q.d. 12. Reglan 10 mg IV q. 12 hours. 13. Percocet 5/325 one to two tablets via jejunostomy tube q. 4 hours p.r.n. 14. The patient is on vancomycin 1 gram IV to be dosed according to a level prior to dialysis treatments.  The patient should be dosed with 1 gram IV for a level less than 15. 15. The patient is receiving tobramycin 70 mg IV with dialysis dosing and should have her tobramycin levels checked.  She should be redosed with tobramycin when her level falls below 1.5, that is a trough level.

TREATMENT REQUIRED UPON DISCHARGE: 1. The patient receives wet-to-dry normal saline dressings to her right lower extremity wounds as well as her abdominal wound t.i.d. 2. The patient has a V.A.C. dressing in her open sternal wound which should be changed twice weekly.  It was most recently changed on Thursday, [**6-18**]. 3. The patient is being tube fed via her jejunostomy tube, full-strength Impact with fiber at 70 mL per hour. 4. The patient's current ventilator settings are CPAP with pressure support of 5 and PEEP of 5 and FIO2 of 50%.  She may have a Passey-Muir valve p.r.n. to speak.  She should have assistance from the speech therapy department to assist her with speaking with her tracheostomy.

CONDITION ON DISCHARGE:  Fair.

DISCHARGE DIAGNOSES: 1. Sternal wound infection status post cardiac surgery, status post limited sternal wound debridements on [**2195-6-9**]. 2. End-stage renal disease. 3. Respiratory failure. 4. Clinical depression. 5. Insulin dependent diabetes mellitus.





                            [**First Name11 (Name Pattern1) **] [**Initials (NamePattern4) **] [**Last Name (NamePattern4) **], M.D.  [**MD Number(1) 75**]

Dictated By:[**Name8 (MD) 964**] MEDQUIST36

D:  [**2195-6-19**]  12:13 T:  [**2195-6-19**]  12:33 JOB#:  [**Job Number 965**] ]]></TEXT>
<TAGS>
<TIMEX3 id="T0" spans="20~28" text="2195-6-6" type="DATE" functionInDocument="ADMISSION_DATE" />
<TIMEX3 id="T1" spans="58~67" text="2195-6-19" type="DATE" functionInDocument="DISCHARGE_DATE" />
<TIMEX3 id="T2" spans="1596~1600" text="6-18" type="DATE" functionInDocument="EVENT_DATE" />
<TIMEX3 id="T3" spans="2155~2163" text="2195-6-9" type="DATE" functionInDocument="EVENT_DATE" />
<TIMEX3 id="T4" spans="2498~2507" text="2195-6-19" type="DATE" functionInDocument="AUTHORED_DATE" />
<TIMEX3 id="T5" spans="2525~2534" text="2195-6-19" type="DATE" functionInDocument="AUTHORED_DATE" />
<EVENT id="E0" spans="1629~1637" text="tube fed" class="OCCURRENCE" eventType="FEEDING TUBE" polarity="POSITIVE" completion="COMPLETED" />
</TAGS>
</NLP_final_project>