<?xml version="1.0" encoding="UTF-8" ?>

<NLP_final_project>
<TEXT><![CDATA[Admission Date:  [**2154-12-14**]     Death Date:  [**2154-12-15**]

 Service:  MEDICINE/[**Doctor Last Name 1181**] HISTORY OF PRESENT ILLNESS:  The patient is a 78-year-old male with a history of encephalitis, oral cancer, presenting to Intensive Care Unit with shortness of breath and hypoxia secondary to a large pleural effusion.  While in the Intensive Care Unit, the patient had transient hypotension and had a large O2 requirement secondary to the large effusion and multiple pulmonary nodules almost certainly representing metastatic disease.  The patient was stabilized with IVF and supplemental O2.  The medical situation including presumed widely metastatic cancer with likely malignant effusion was discussed with the patient.  Mr. [**Known lastname 1182**] firmly delined further diagnostic interventions or therapies to work up and treat this. Based on his firmly expressed opinion, his code status was made DNR/DNI and primary driver changed to maintaining comfort.

On [**2154-12-15**], the patient was stable for transfer to floor for further care.  He remained with a high supplemental FiO2 requirement in order to maintain borderline sats.  Mr. [**Known lastname 1182**] frequently removed his face mask saying that he just wanted to be comfortable.  He expressed understanding that going without supplemental Oxygen would put him at risk for respiratory or cardiac arrest.

On [**2154-12-15**] at 11:05 pm, the senior resident was called to see patient for unresponsiveness.  The patient had continued to refuse oxygen during the day into the evening.  He had only intermittently complied with wearing the mask secondary to comfort concerns. as he had done in the MICU, and earlin the On evaluation by the sernior resident, the patient had no respirations.  The patient had no response to voice or sternal rub or other painful stimuli.  The patient had no heart sounds.  Pupils were fixed and dilated.  The patient was pronounced dead.  The Attending was notified and family contact[**Name (NI) **].                            DR.[**Last Name (STitle) **],[**First Name3 (LF) **] 12-948



Dictated By:[**Last Name (NamePattern1) 1183**]

MEDQUIST36

D:  [**2155-2-12**]  10:54 T:  [**2155-2-12**]  11:12 JOB#:  [**Job Number 1184**]




]]></TEXT>
<TAGS>
<TIMEX3 id="T0" spans="20~30" text="2154-12-14" type="DATE" functionInDocument="ADMISSION_DATE" />
<TIMEX3 id="T1" spans="54~64" text="2154-12-15" type="DATE" functionInDocument="DISCHARGE_DATE" />
<TIMEX3 id="T2" spans="989~999" text="2154-12-15" functionInDocument="EVENT_DATE" type="DATE" />
<TIMEX3 id="T3" spans="1401~1411" text="2154-12-15" type="DATE" functionInDocument="EVENT_DATE" />
<TIMEX3 id="T4" spans="2179~2188" text="2155-2-12" type="DATE" functionInDocument="AUTHORED_DATE" />
<TIMEX3 id="T5" spans="2206~2215" text="2155-2-12" type="DATE" functionInDocument="AUTHORED_DATE" />
<EVENT id="E0" spans="225~258" text="presenting to Intensive Care Unit" class="OCCURRENCE" eventType="TRANSFER" polarity="POSITIVE" completion="COMPLETED" />
<EVENT id="E1" spans="923~930" text="DNR/DNI" class="STATE" eventType="DNR" polarity="POSITIVE" completion="ATTEMPTED" />
<EVENT id="E2" spans="922~930" text=" DNR/DNI" class="STATE" eventType="DNI" polarity="POSITIVE" completion="ATTEMPTED" />
<EVENT id="E3" spans="1031~1048" text="transfer to floor" class="OCCURRENCE" eventType="TRANSFER" polarity="NEGATIVE" completion="COMPLETED" />
<TLINK id="TL0" fromID="T2" fromText="2154-12-15" toID="E3" toText="transfer to floor" relType="ON" />
</TAGS>
</NLP_final_project>