<?xml version="1.0" encoding="UTF-8" ?>

<NLP_final_project>
<TEXT><![CDATA[Admission Date:  [**2158-9-14**]       Discharge Date:  [**2158-9-21**]

Date of Birth:   [**2115-11-19**]       Sex:  M

Service:  [**Company 191**] Medicine

Stat addendum:

Unfortunately, the patient was not discharged on [**9-16**] as expected.  On the morning of [**9-17**], he went into status epilepticus secondary to missing his scheduled doses of his oral anti-epileptics.  He was immediately intubated for adequate airway protection and transferred to the Intensive Care Unit for a brief stay.  In the Intensive Care Unit, he was started on an Ativan drip to break his seizures and was loaded with Dilantin.  His antibiotics were also changed to intravenous clindamycin and ceftriaxone for a presumed aspiration pneumonia.  A head CT was obtained which was negative for any hemorrhage or acute changes from his prior study.

The patient was extubated without any complications after a 24 hour stay in the Intensive Care Unit.  The EEG was obtained prior to extubation which confirmed severe encephalopathy, but no further seizure activity.  The patient was then transferred to the floor on [**9-18**] in stable condition.  His Ativan drip, his OT tube and his central line were all discontinued.  His IV Dilantin was then changed to po Dilantin and was increased by the neurology service. Daily Dilantin levels were checked.  He continued to remain afebrile with all vitals stable throughout the rest of his hospital stay.  He remained seizure free and was able to tolerate po's (both medications and food) without any trouble.  His intravenous antibiotics were changed to a po regimen on the day of discharge.

DISCHARGE STATUS:  He will be discharged back to his group home on [**9-18**] in good condition.  He is to resume all pre admission medications with the addition of po Dilantin 125 mg in the morning, 100 at noon and 100 at night.  He is also to complete a seven day course of po Levaquin.  He is to follow up with Dr. [**Last Name (STitle) 851**], his neurologist, within the next two weeks.



                             [**Name6 (MD) 251**] [**Name8 (MD) **], M.D.  [**MD Number(1) 1197**]

Dictated By:[**Last Name (NamePattern4) 1198**] MEDQUIST36

D:  [**2158-9-21**]  10:23 T:  [**2158-9-21**]  10:46 JOB#:  [**Job Number 1200**] ]]></TEXT>
<TAGS>
<TIMEX3 id="T0" spans="20~29" text="2158-9-14" type="DATE" functionInDocument="ADMISSION_DATE" />
<TIMEX3 id="T1" spans="59~68" text="2158-9-21" type="DATE" functionInDocument="DISCHARGE_DATE" />
<TIMEX3 id="T2" spans="228~232" text="9-16" functionInDocument="EVENT_DATE" type="DATE" value="2158-9-16" />
<TIMEX3 id="T3" spans="271~275" text="9-17" functionInDocument="EVENT_DATE" type="DATE" value="2158-9-17" />
<TIMEX3 id="T4" spans="1103~1107" text="9-18" functionInDocument="EVENT_DATE" type="DATE" value="2158-9-18" />
<TIMEX3 id="T5" spans="1692~1696" text="9-18" functionInDocument="EVENT_DATE" type="DATE" value="2158-9-18" />
<TIMEX3 id="T6" spans="2184~2193" text="2158-9-21" type="DATE" functionInDocument="AUTHORED_DATE" />
<TIMEX3 id="T7" spans="2211~2220" text="2158-9-21" type="DATE" functionInDocument="AUTHORED_DATE" />
<EVENT id="E0" spans="402~411" text="intubated" class="OCCURRENCE" eventType="INTUBATION" polarity="POSITIVE" completion="COMPLETED" />
<EVENT id="E1" spans="447~485" text="transferred to the Intensive Care Unit" class="OCCURRENCE" eventType="TRANSFER" polarity="POSITIVE" completion="COMPLETED" />
<EVENT id="E2" spans="851~860" text="extubated" class="OCCURRENCE" eventType="INTUBATION" polarity="NEGATIVE" completion="COMPLETED" />
<EVENT id="E3" spans="903~934" text="stay in the Intensive Care Unit" class="STATE" eventType="TRANSFER" polarity="POSITIVE" completion="COMPLETED" />
<EVENT id="E4" spans="1072~1096" text="transferred to the floor" class="OCCURRENCE" eventType="TRANSFER" polarity="NEGATIVE" completion="COMPLETED" />
<EVENT id="E5" spans="1154~1161" text="OT tube" class="OCCURRENCE" eventType="FEEDING TUBE" polarity="NEGATIVE" completion="COMPLETED" />
<TLINK id="TL0" fromID="T3" fromText="9-17" toID="E0" toText="intubated" relType="ON" />
<TLINK id="TL1" fromID="T3" fromText="9-17" toID="E1" toText="transferred to the Intensive Care Unit" relType="ON" />
<TLINK id="TL2" fromID="T4" fromText="9-18" toID="E4" toText="transferred to the floor" relType="ON" />
</TAGS>
</NLP_final_project>