<?xml version="1.0" encoding="UTF-8" ?>

<NLP_final_project>
<TEXT><![CDATA[Admission Date:  [**2151-7-16**]       Discharge Date:  [**2151-8-4**]

 Service: ADDENDUM:

RADIOLOGIC STUDIES:  Radiologic studies also included a chest CT, which confirmed cavitary lesions in the left lung apex consistent with infectious process/tuberculosis.  This also moderate-sized left pleural effusion.

HEAD CT:  Head CT showed no intracranial hemorrhage or mass effect, but old infarction consistent with past medical history.

ABDOMINAL CT:  Abdominal CT showed lesions of T10 and sacrum most likely secondary to osteoporosis. These can be followed by repeat imaging as an outpatient.



                            [**First Name8 (NamePattern2) **] [**First Name4 (NamePattern1) 1775**] [**Last Name (NamePattern1) **], M.D.  [**MD Number(1) 1776**]

Dictated By:[**Hospital 1807**] MEDQUIST36

D:  [**2151-8-5**]  12:11 T:  [**2151-8-5**]  12:21 JOB#:  [**Job Number 1808**] ]]></TEXT>
<TAGS>
<TIMEX3 id="T0" spans="20~29" text="2151-7-16" type="DATE" functionInDocument="ADMISSION_DATE" />
<TIMEX3 id="T1" spans="59~67" text="2151-8-4" type="DATE" functionInDocument="DISCHARGE_DATE" />
<TIMEX3 id="T2" spans="815~823" text="2151-8-5" functionInDocument="AUTHORED_DATE" type="DATE" />
<TIMEX3 id="T3" spans="841~849" text="2151-8-5" functionInDocument="AUTHORED_DATE" type="DATE" />
</TAGS>
</NLP_final_project>